{
  "providers": {
    "awscloudformation": {
      "AuthRoleName": "amplify-photoalbums-master-95624-authRole",
      "UnauthRoleArn": "arn:aws:iam::021875516428:role/amplify-photoalbums-master-95624-unauthRole",
      "AuthRoleArn": "arn:aws:iam::021875516428:role/amplify-photoalbums-master-95624-authRole",
      "Region": "ap-northeast-2",
      "DeploymentBucketName": "amplify-photoalbums-master-95624-deployment",
      "UnauthRoleName": "amplify-photoalbums-master-95624-unauthRole",
      "StackName": "amplify-photoalbums-master-95624",
      "StackId": "arn:aws:cloudformation:ap-northeast-2:021875516428:stack/amplify-photoalbums-master-95624/b8bc08b0-2d26-11eb-9b7b-0601a925a366",
      "AmplifyAppId": "d1y0ucc5xehtea"
    }
  },
  "auth": {
    "photoalbums01fbb564": {
      "service": "Cognito",
      "providerPlugin": "awscloudformation",
      "dependsOn": [],
      "customAuth": false,
      "providerMetadata": {
        "s3TemplateURL": "https://s3.amazonaws.com/amplify-photoalbums-master-95624-deployment/amplify-cfn-templates/auth/photoalbums01fbb564-cloudformation-template.yml",
        "logicalId": "authphotoalbums01fbb564"
      },
      "lastPushTimeStamp": "2020-11-23T01:27:57.641Z",
      "output": {
        "AppClientSecret": "899qr7g08c180u7o08lll1pv26i0usblj26143vq8vij0im06sc",
        "UserPoolId": "ap-northeast-2_sKvFAlZ2U",
        "AppClientIDWeb": "50ep3jhi2t05c7stc5s2c03snc",
        "AppClientID": "2ge294fb8u1in6gl2o720568qt",
        "IdentityPoolId": "ap-northeast-2:c4ad3f5c-2dff-4e41-baa4-a86aacd63cba",
        "IdentityPoolName": "photoalbums01fbb564_identitypool_01fbb564__master",
        "UserPoolName": "photoalbums01fbb564_userpool_01fbb564"
      },
      "lastPushDirHash": "86PRfItfxTVoz3IxFaFIz9iapUk="
    }
  },
  "api": {
    "photoalbums": {
      "service": "AppSync",
      "providerPlugin": "awscloudformation",
      "output": {
        "authConfig": {
          "defaultAuthentication": {
            "authenticationType": "AMAZON_COGNITO_USER_POOLS",
            "userPoolConfig": {
              "userPoolId": "authphotoalbums01fbb564"
            }
          },
          "additionalAuthenticationProviders": []
        },
        "GraphQLAPIIdOutput": "ae63ig3emzdkrdybforuyzs4ba",
        "GraphQLAPIEndpointOutput": "https://g52dkzwnhbgzro7mvqrloftkg4.appsync-api.ap-northeast-2.amazonaws.com/graphql"
      },
      "providerMetadata": {
        "s3TemplateURL": "https://s3.amazonaws.com/amplify-photoalbums-master-95624-deployment/amplify-cfn-templates/api/cloudformation-template.json",
        "logicalId": "apiphotoalbums"
      },
      "lastPushTimeStamp": "2020-11-23T01:27:57.627Z",
      "lastPushDirHash": "/FH6ekuev3QTYvk4FEYsAfDkqE4="
    }
  },
  "storage": {
    "photoalbumsstorage": {
      "service": "S3",
      "providerPlugin": "awscloudformation",
      "providerMetadata": {
        "s3TemplateURL": "https://s3.amazonaws.com/amplify-photoalbums-master-95624-deployment/amplify-cfn-templates/storage/s3-cloudformation-template.json",
        "logicalId": "storagephotoalbumsstorage"
      },
      "lastPushTimeStamp": "2020-11-23T01:27:57.641Z",
      "output": {
        "BucketName": "photoalbums6d00c30c0dd34f9e939bfee1b45ae1d495624-master",
        "Region": "ap-northeast-2"
      },
      "lastPushDirHash": "E5ubSB4DPEshDivZWnBe2ZIreQo="
    }
  }
}