{
  "auth": {
    "photoalbums01fbb564": {
      "service": "Cognito",
      "providerPlugin": "awscloudformation",
      "dependsOn": [],
      "customAuth": false
    }
  },
  "api": {
    "photoalbums": {
      "service": "AppSync",
      "providerPlugin": "awscloudformation",
      "output": {
        "authConfig": {
          "defaultAuthentication": {
            "authenticationType": "AMAZON_COGNITO_USER_POOLS",
            "userPoolConfig": {
              "userPoolId": "authphotoalbums01fbb564"
            }
          },
          "additionalAuthenticationProviders": []
        }
      }
    }
  },
  "storage": {
    "photoalbumsstorage": {
      "service": "S3",
      "providerPlugin": "awscloudformation"
    }
  }
}